"Id_aforament","Desc_aforament","Codi_tipus_aforament","Desc_tipus_aforament","Num_carrils","Codi_districte","Codi_barri","Codi_tipus_equip_mesura","Desc_tipus_equip_mesura","Longitud","Latitud","X_ETRS89","Y_ETRS89"
1001,"AV. DIAGONAL - TORRE MELINA (Entrada)",1,"trànsit",3,4,21,1,"Espira",2.109525173,41.383735511,425545.34,4581739.28
1002,"AV. DIAGONAL - AV. SARRIÀ (Entrada)",1,"trànsit",3,4,19,1,"Espira",2.139966245,41.3914834,428099.15,4582573.73
1003,"AV. DIAGONAL - ADOLF FLORENSA (Entrada)",1,"trànsit",3,4,20,1,"Espira",2.116363769,41.385498519,426119.14,4581929.15
1004,"AV. DIAGONAL - PASCUAL VILA (Sortida)",1,"trànsit",4,4,20,1,"Espira",2.116258456,41.385574048,426110.42,4581937.62
1005,"AV. DIAGONAL - BEETHOVEN (Sortida)",1,"trànsit",5,4,19,1,"Espira",2.13989839,41.391564054,428093.57,4582582.74
1006,"AV. DIAGONAL - PLAÇA PIUS XII (Entrada)",1,"trànsit",5,4,20,1,"Espira",2.123800557,41.387374635,426743.04,4582131.12
1007,"AV. DIAGONAL- DOCTOR FERRAN (Sortida)",1,"trànsit",4,4,20,1,"Espira",2.123738168,41.387473006,426737.93,4582142.09
1008,"CAPITÀ ARENAS - MANILA",1,"trànsit",4,4,21,1,"Espira",2.126378325,41.389638064,426961.10,4582380.23
1009,"PG. MANUEL GIRONA - BENET I MATEU",1,"trànsit",2,4,21,1,"Espira",2.127639203,41.391946256,427069.09,4582635.42
1010,"AV. DIAGONAL - GANDESA (Sortida)",1,"trànsit",4,4,19,1,"Espira",2.128577478,41.388684368,427143.89,4582272.50
1011,"AV. DIAGONAL - GANDESA (Entrada)",1,"trànsit",5,4,19,1,"Espira",2.128630699,41.388594598,427148.24,4582262.49
1012,"AV. DIAGONAL - TORRE MELINA (Lateral Entrada)",1,"trànsit",2,4,21,1,"Espira",2.110685419,41.383846694,425642.48,4581750.62
1013,"AV. PEDRALBES - PG. MANUEL GIRONA (Baixada)",1,"trànsit",3,4,21,2,"Infraroig",2.120019882,41.389232278,426429.04,4582340.56
1014,"AV. SARRIÀ - DOCTOR FLEMING",1,"trànsit",3,5,24,1,"Espira",2.135916,41.391629869,427760.70,4582593.36
1015,"AV. SARRIÀ - AV. JOSEP TARRADELLAS",1,"trànsit",5,2,8,1,"Espira",2.143078274,41.39057036,428358.33,4582469.79
1016,"AV. ESPLUGUES - SANTA CATERINA DE SIENA (Besós)",1,"trànsit",2,4,21,1,"Espira",2.110723705,41.390973651,425653.80,4582541.82
1017,"AV. DOCTOR MARAÑÓN - BALDIRI REIXAC (Pujada)",1,"trànsit",3,4,20,2,"Infraroig",2.113053458,41.382721133,425839.20,4581623.64
1018,"AV. DIAGONAL - TORRE MELINA (Sortida)",1,"trànsit",4,4,21,1,"Espira",2.108485376,41.383583303,425458.23,4581723.27
1019,"AV. DOCTOR MARAÑÓN - PAU GARGALLO (Baixada)",1,"trànsit",3,4,20,1,"Espira",2.112958067,41.382553474,425831.04,4581605.10
1021,"GONZÁLEZ TABLAS - AV. EXÈRCIT (Baixada)",1,"trànsit",2,4,21,2,"Infraroig",2.110547635,41.384860769,425632.12,4581863.32
1022,"AV. PEDRALBES - PG. MANUEL GIRONA (Pujada)",1,"trànsit",2,4,21,2,"Infraroig",2.119150178,41.389996735,426357.19,4582426.16
1026,"AV. ESPLUGUES - MIRET I SANS (Llobregat)",1,"trànsit",2,4,21,1,"Espira",2.110686507,41.391010293,425650.74,4582545.91
1027,"DOCTOR FERRAN - PG. MANUEL GIRONA",1,"trànsit",2,4,21,1,"Espira",2.123703794,41.390659262,426738.64,4582495.86
1028,"ARISTIDES MAILLOL - CARDENAL REIG (Baixada)",1,"trànsit",2,4,20,1,"Espira",2.120166481,41.378861883,426429.60,4581189.12
1029,"ARISTIDES MAILLOL - CARDENAL REIG (Pujada)",1,"trànsit",2,4,20,1,"Espira",2.120261326,41.378966737,426437.65,4581200.69
1030,"JOAN XXIII - MARTÍ I FRANQUÉS (Llobregat)",1,"trànsit",2,4,20,1,"Espira",2.121847729,41.382191667,426573.94,4581557.37
1031,"JOAN XXIII - MENÉNDEZ PELAYO (Besòs)",1,"trànsit",2,4,20,1,"Espira",2.12199742,41.382147222,426586.40,4581552.31
1032,"GRAN VÍA CARLES III - TRAV. DE LES CORTS (Pujada)",1,"trànsit",1,4,20,1,"Espira",2.128171274,41.382959206,427103.54,4581637.24
1033,"GRAN VÍA CARLES III - TRAV. DE LES CORTS (Baixada)",1,"trànsit",2,4,20,1,"Espira",2.128103945,41.381851028,427096.67,4581514.27
2001,"PARÍS - VILADOMAT",1,"trànsit",3,2,9,1,"Espira",2.146504747,41.388529683,428642.56,4582240.41
2002,"ENTENÇA - DEU I MATA",1,"trànsit",5,4,19,1,"Espira",2.137969149,41.390001837,427930.55,4582410.91
2003,"TARRAGONA - VALÈNCIA",1,"trànsit",4,3,15,1,"Espira",2.145307863,41.378572477,428531.59,4581135.96
2004,"NUMÀNCIA - MARQUES DE SENTMENAT",1,"trànsit",3,4,19,1,"Espira",2.137478725,41.384709176,427883.70,4581823.73
2005,"ENTENÇA - PROVENÇA",1,"trànsit",4,2,9,1,"Espira",2.145346085,41.383607501,428540.30,4581694.91
2006,"ARAGÓ - ENTENÇA",1,"trànsit",4,2,9,1,"Espira",2.14793621,41.381069189,428754.10,4581410.98
2008,"AV. ROMA - CALÀBRIA",1,"trànsit",3,2,9,1,"Espira",2.149768234,41.383223217,428909.63,4581648.61
2009,"MALLORCA - CALÀBRIA",1,"trànsit",2,2,9,1,"Espira",2.149046374,41.383651514,428849.74,4581696.75
2010,"BERLÍN - COMTES DE BELL.LLOC",1,"trànsit",3,3,18,1,"Espira",2.136596296,41.382174751,427807.12,4581543.10
2011,"TRAVESSERA DE LES CORTS - VILAMUR (Llobregat)",1,"trànsit",3,4,19,1,"Espira",2.133711668,41.386026857,427570.20,4581973.16
2012,"AV. MADRID - PORTBOU",1,"trànsit",4,4,20,1,"Espira",2.126455916,41.377887563,426954.43,4581075.64
2013,"NUMÀNCIA - ANGLESOLA",1,"trànsit",3,4,19,1,"Espira",2.133638738,41.388502091,427566.85,4582248.02
2014,"TARRAGONA - CONSELL DE CENT (calçada Besòs)",1,"trànsit",4,3,15,1,"Espira",2.147336485,41.377010451,428699.52,4580960.87
2016,"ENTENÇA - DIPUTACIÓ",1,"trànsit",3,2,9,1,"Espira",2.151166703,41.379197455,429022.19,4581200.53
2017,"SANTS - RIERA BLANCA",1,"trànsit",4,3,18,1,"Espira",2.122391119,41.375648069,426612.01,4580830.45
2018,"PG. SANT ANTONI - ALCOLEA (Besòs)",1,"trànsit",2,3,18,1,"Espira",2.136317348,41.376200878,427777.19,4580880.12
2020,"AV. MADRID - TENOR MASINI (Besòs)",1,"trànsit",3,4,19,1,"Espira",2.131053658,41.380328875,427341.62,4581342.80
2021,"AV. MADRID - LLUÇÀ (Llobregat)",1,"trànsit",2,3,18,1,"Espira",2.131014666,41.380386227,427338.42,4581349.20
2022,"TRAV. DE LES CORTS - GALILEU (Besòs)",1,"trànsit",2,4,19,1,"Espira",2.132047741,41.384896697,427429.82,4581849.08
2023,"TRAV. DE LES CORTS - GALILEU (Llobregat)",1,"trànsit",3,4,19,1,"Espira",2.131564682,41.384655947,427389.16,4581822.76
2024,"C. DE SANTS - SANT FELIU DE GUÍXOLS (Sentit Hospitalet)",1,"trànsit",2,3,17,3,"Visió Artificial",2.129133588,41.375567533,427175.75,4580815.82
2025,"C. DE SANTS - SUGRANYES (Sentit Pl. Espanya)",1,"trànsit",2,3,17,3,"Visió Artificial",2.12637856,41.375578064,426945.38,4580819.31
2026,"C. DE SANTS - JOAN GÜELL (Sentit Hospitalet)",1,"trànsit",2,3,18,3,"Visió Artificial",2.133440961,41.375471702,427535.85,4580801.57
2027,"C. DE SANTS - SANT MEDIR (Sentit Pl. Espanya)",1,"trànsit",2,3,18,3,"Visió Artificial",2.132815319,41.375427013,427483.48,4580797.13
3001,"AV. PARAL·LEL - LLANÇÀ",1,"trànsit",4,2,11,1,"Espira",2.151344122,41.375071194,429032.54,4580742.29
3003,"GRAN VIA - VILAMARÍ",1,"trànsit",4,2,9,1,"Espira",2.152251728,41.377355608,429110.92,4580995.16
3004,"GRAN VIA - ROCAFORT",1,"trànsit",4,2,9,1,"Espira",2.154536929,41.379062793,429303.86,4581182.82
3005,"RONDA SANT ANTONI - PL. PES DE LA PALLA (Sentit Urgell)",1,"trànsit",2,2,10,1,"Espira",2.163349079,41.380996415,430042.79,4581390.34
3006,"GRAN VIA - VILADOMAT",1,"trànsit",4,2,9,1,"Espira",2.156817239,41.380777397,429496.39,4581371.32
3007,"GRAN VIA - FARELL (Sortida)",1,"trànsit",2,3,15,1,"Espira",2.144295119,41.371459879,428439.11,4580347.17
3008,"GRAN VIA - MOIANÈS (Sortida)",1,"trànsit",2,3,15,1,"Espira",2.141321748,41.369159811,428187.92,4580094.27
3009,"GRAN VIA - QUÍMICA (Entrada)",1,"trànsit",2,3,13,2,"Infraroig",2.13777852,41.366440295,427888.59,4579795.30
3010,"ENTENÇA - SEPÚLVEDA",1,"trànsit",4,2,10,1,"Espira",2.15377314,41.377223173,429237.99,4580979.21
3011,"GRAN VIA - TRAJÀ (Entrada)",1,"trànsit",2,3,16,1,"Espira",2.141669763,41.369242764,428217.12,4580103.20
3012,"SEPÚLVEDA - COMTE BORRELL",1,"trànsit",2,2,10,1,"Espira",2.158306359,41.380022841,429620.09,4581286.34
3013,"VILLARROEL - GRAN VIA",1,"trànsit",3,2,8,1,"Espira",2.160511198,41.382369032,429806.97,4581545.02
3014,"SEPÚLVEDA - CASANOVA",1,"trànsit",2,2,10,1,"Espira",2.16147246,41.38241898,429887.40,4581549.79
3015,"CASANOVA - SEPÚLVEDA",1,"trànsit",2,2,10,1,"Espira",2.161656732,41.383221433,429903.67,4581638.72
3016,"GRAN VIA - MÈXIC (Lateral Entrada)",1,"trànsit",3,3,11,1,"Espira",2.147805452,41.373788367,428735.22,4580602.78
3017,"GRAN VIA - QUÍMICA (Sortida)",1,"trànsit",2,3,13,2,"Infraroig",2.137732501,41.366481161,427884.79,4579799.88
3018,"COMTE URGELL- FLORIDABLANCA",1,"trànsit",3,2,10,1,"Espira",2.160479841,41.380726782,429802.59,4581362.73
3020,"AV. PARAL·LEL - LLEIDA (Baixada)",1,"trànsit",3,2,10,1,"Espira",2.154754892,41.374933625,429317.61,4580724.23
3021,"CREU COBERTA - BÉJAR (Baixada)",1,"trànsit",2,3,15,1,"Espira",2.14676983,41.375128823,428650.08,4580752.44
3022,"CREU COBERTA - PL. ESPANYA (Pujada)",1,"trànsit",2,3,11,1,"Espira",2.146752026,41.375200681,428648.67,4580760.44
3024,"ROCAFORT - TAMARIT",1,"trànsit",2,2,10,1,"Espira",2.157881935,41.37578538,429580.03,4580816.25
3026,"AV. PARAL·LEL - ENTENÇA (Mar)",1,"trànsit",3,3,11,3,"Visió Artificial",2.156378629,41.374938761,429453.40,4580723.48
3027,"AV. PARAL·LEL - COMTE BORRELL (Muntanya)",1,"trànsit",3,3,11,3,"Visió Artificial",2.165457628,41.375002586,430212.69,4580723.22
3029,"RONDA DE SANT PAU - MARQUES DE CAMPO SAGRADO",1,"trànsit",2,2,10,1,"Espira",2.165140781,41.377153688,430188.50,4580962.28
3030,"VILADOMAT - PARLAMENT",1,"trànsit",2,2,10,1,"Espira",2.162446376,41.375791465,429961.73,4580813.22
3031,"FLORIDABLANCA - ROCAFORT",1,"trànsit",2,2,10,1,"Espira",2.156975553,41.377321141,429505.89,4580987.48
3032,"COMTE BORRELL- MARQUÈS DE CAMPO SAGRADO",1,"trànsit",2,2,10,1,"Espira",2.164758456,41.375717717,430154.99,4580803.17
3033,"SEPULVEDA - ENTENÇA",1,"trànsit",2,2,10,1,"Espira",2.153550049,41.376407202,429218.45,4580888.81
3034,"AV. PARAL·LEL - RONDA SANT PAU (Baixada)",1,"trànsit",3,3,11,1,"Espira",2.16831303,41.374833071,430451.29,4580702.10
3036,"AV. PARAL·LEL - ABAT SAFONT (Pujada)",1,"trànsit",3,3,11,1,"Espira",2.169489275,41.374976856,430549.81,4580717.12
4001,"URGELL - BUENOS AIRES",1,"trànsit",3,2,8,1,"Espira",2.146418178,41.391281328,428638.34,4582545.96
4002,"MUNTANER - CONSELL DE CENT",1,"trànsit",3,2,8,1,"Espira",2.159994051,41.386194306,429767.85,4581970.12
4003,"ARIBAU - CÒRSEGA",1,"trànsit",3,2,8,1,"Espira",2.153599035,41.392737701,429240.26,4582701.76
4004,"COMTE URGELL - ROSSELLÓ",1,"trànsit",4,2,8,1,"Espira",2.149905204,41.388672068,428927.02,4582253.42
4005,"AV. DIAGONAL - RAMBLA CATALUNYA (Pujada)",1,"trànsit",2,2,7,1,"Espira",2.156519968,41.395813851,429487.78,4583040.88
4006,"PARÍS - VILLARROEL",1,"trànsit",3,2,8,1,"Espira",2.149822665,41.391051152,428922.71,4582517.61
4007,"AV. DIAGONAL - RAMBLA CATALUNYA (Baixada)",1,"trànsit",2,2,7,1,"Espira",2.157506826,41.395967276,429570.44,4583057.12
4008,"MALLORCA - CASANOVA",1,"trànsit",3,2,8,1,"Espira",2.154727233,41.387900498,429329.34,4582163.82
4009,"PG. SANT JOAN - CASP (Baixada)",1,"trànsit",1,2,5,1,"Espira",2.177149684,41.393614939,431210.05,4582780.18
4010,"PG. SANT JOAN - VALÈNCIA (Baixada)",1,"trànsit",2,2,7,1,"Espira",2.171287083,41.398080015,430724.68,4583280.56
4011,"CASANOVA - PARÍS",1,"trànsit",2,2,8,1,"Espira",2.150075719,41.391993496,428944.89,4582622.02
4012,"LONDRES - CASANOVA",1,"trànsit",2,2,8,1,"Espira",2.149022049,41.392141066,428856.96,4582639.27
4013,"SARDENYA - CONSELL DE CENT",1,"trànsit",2,2,5,1,"Espira",2.17812843,41.399762717,431298.35,4583461.92
4014,"AV. DIAGONAL - MUNTANER (Baixada)",1,"trànsit",2,2,8,1,"Espira",2.150261139,41.394174233,428962.77,4582863.97
4015,"MUNTANER - ROSSELLÓ",1,"trànsit",3,2,8,1,"Espira",2.154421827,41.39037134,429306.48,4582438.37
4016,"AV. MERIDIANA - CASTILLEJOS (Pujada)",1,"trànsit",2,10,66,1,"Espira",2.187033963,41.400338833,432043.39,4583518.86
4017,"AV. DIAGONAL - TUSET (Pujada)",1,"trànsit",2,2,8,1,"Espira",2.15267479,41.394859936,429165.29,4582938.12
4018,"AV. MERIDIANA - LEPANT (Baixada)",1,"trànsit",2,10,66,1,"Espira",2.186745242,41.396298175,432015.04,4583070.50
4019,"MARINA - DIPUTACIÓ",1,"trànsit",6,2,5,1,"Espira",2.179531384,41.400450938,431416.35,4583537.22
4020,"MARINA - GRAN VIA (Baixada)",1,"trànsit",2,2,5,1,"Espira",2.181741707,41.398656381,431599.23,4583336.24
4021,"COMTE URGELL- DIPUTACIÓ",1,"trànsit",3,2,8,1,"Espira",2.156916629,41.38336043,429507.49,4581658.00
4022,"PG. SANT JOAN - PROVENÇA (Pujada)",1,"trànsit",1,2,7,1,"Espira",2.168321445,41.400468552,430479.31,4583548.11
4023,"GRAN VIA - VILLARROEL",1,"trànsit",4,2,8,1,"Espira",2.160169613,41.383326327,429779.44,4581651.57
4024,"AV. DIAGONAL - BAILÉN (Pujada)",1,"trànsit",2,2,7,1,"Espira",2.167734164,41.398633454,430428.26,4583344.85
4025,"AV. DIAGONAL - GIRONA (Baixada)",1,"trànsit",2,2,7,1,"Espira",2.167817154,41.398487563,430435.05,4583328.58
4026,"PG. SANT JOAN - DIPUTACIÓ (Pujada)",1,"trànsit",2,2,7,1,"Espira",2.173736234,41.396386976,430927.62,4583090.64
4027,"MUNTANER - MALLORCA",1,"trànsit",3,2,8,1,"Espira",2.156496969,41.38881165,429478.29,4582263.53
4028,"VALÈNCIA - CASANOVA",1,"trànsit",3,2,8,1,"Espira",2.156903694,41.387853817,429511.26,4582156.86
4029,"ARAGÓ - MUNTANER",1,"trànsit",6,2,8,1,"Espira",2.158170385,41.387095813,429616.35,4582071.68
4030,"AV. DIAGONAL - LLACUNA (Baixada)",1,"trànsit",2,10,71,1,"Espira",2.194578654,41.405094358,432678.97,4584040.92
4031,"ROGER DE LLÚRIA - DIPUTACIÓ",1,"trànsit",3,2,7,1,"Espira",2.169326638,41.392759672,430555.13,4582691.47
4032,"VALÈNCIA - SARDENYA",1,"trànsit",3,2,6,1,"Espira",2.175926965,41.402129612,431116.82,4583726.44
4033,"ARIBAU - DIPUTACIÓ",1,"trànsit",3,2,8,1,"Espira",2.161115596,41.387063046,429862.56,4582065.65
4034,"PL. UNIVERSITAT - PELAI (Llobregat)",1,"trànsit",4,2,10,1,"Espira",2.16425325,41.385645879,430123.37,4581905.79
4035,"GRAN VIA - PL. UNIVERSITAT",1,"trànsit",4,2,8,1,"Espira",2.164417271,41.38653648,430138.04,4582004.53
4036,"BALMES - LA GRANADA",1,"trànsit",3,5,26,1,"Espira",2.153036775,41.396634928,429197.48,4583134.88
4037,"GRAN VIA - LEPANT (Besòs)",1,"trànsit",3,2,5,1,"Espira",2.183154687,41.400525644,431719.31,4583542.65
4038,"SARDENYA - CASP",1,"trànsit",2,2,5,1,"Espira",2.181737689,41.397075659,431597.24,4583160.75
4039,"ROSSELLÓ - BALMES",1,"trànsit",3,2,7,1,"Espira",2.157827624,41.393654419,429594.76,4582800.08
4040,"BALMES - ROSSELLÓ",1,"trànsit",3,2,7,1,"Espira",2.157688999,41.393050506,429582.52,4582733.15
4041,"PROVENÇA - BALMES",1,"trànsit",2,2,7,1,"Espira",2.158084971,41.392162257,429614.67,4582634.22
4042,"ROSSELLÓ - AV. DIAGONAL",1,"trànsit",2,2,7,1,"Espira",2.163705702,41.398082132,430090.92,4583286.88
4043,"CÒRSEGA - BRUC",1,"trànsit",4,6,31,1,"Espira",2.162539147,41.398945864,429994.33,4583383.72
4044,"PAU CLARIS - PROVENÇA",1,"trànsit",3,2,7,1,"Espira",2.163471788,41.3954885,430068.58,4582999.13
4045,"PASSEIG DE GRÀCIA - ROSSELLÓ (Baixada)",1,"trànsit",1,2,7,1,"Espira",2.161217901,41.395104967,429879.75,4582958.37
4046,"ROGER DE LLÚRIA - MALLORCA",1,"trànsit",3,2,7,1,"Espira",2.164491198,41.396437668,430154.82,4583103.68
4047,"VALÈNCIA - GIRONA",1,"trànsit",3,2,7,1,"Espira",2.169051471,41.397001042,430536.64,4583162.56
4049,"MALLORCA - BRUC",1,"trànsit",3,2,7,1,"Espira",2.166056471,41.396431059,430285.67,4583101.69
4050,"PASSEIG DE GRÀCIA - PROVENÇA (Pujada)",1,"trànsit",3,2,7,1,"Espira",2.161283923,41.395176299,429885.35,4582966.24
4051,"BALMES - DIPUTACIÓ",1,"trànsit",4,2,7,1,"Espira",2.164497378,41.387904727,430146.20,4582156.36
4052,"DIPUTACIÓ - BALMES",1,"trànsit",2,2,7,1,"Espira",2.163714761,41.38785863,430080.72,4582151.88
4053,"ARAGÓ - RAMBLA DE CATALUNYA",1,"trànsit",6,2,7,1,"Espira",2.162984012,41.390702023,430022.67,4582468.14
4054,"LEPANT - DIPUTACIÓ",1,"trànsit",3,2,5,1,"Espira",2.181529309,41.400723696,431583.65,4583565.92
4055,"PADILLA - GRAN VIA",1,"trànsit",3,2,5,1,"Espira",2.183068883,41.401222905,431712.86,4583620.12
4056,"CONSELL DE CENT - CASTILLEJOS",1,"trànsit",3,2,6,1,"Espira",2.183077852,41.404064047,431716.59,4583935.54
4057,"ARAGÓ - INDEPENDÈNCIA",1,"trànsit",4,10,64,1,"Espira",2.184311809,41.406717781,431822.50,4584229.18
4058,"PASSEIG DE GRÀCIA - DIPUTACIÓ (Pujada)",1,"trànsit",3,2,7,1,"Espira",2.166756862,41.390745359,430338.15,4582469.91
4059,"PAU CLARIS - VALÈNCIA",1,"trànsit",3,2,7,1,"Espira",2.165618395,41.393850021,430246.28,4582815.50
4060,"PG. SANT JOAN - AUSIÀS MARC (Pujada)",1,"trànsit",1,2,5,1,"Espira",2.177658945,41.393362324,431252.36,4582751.73
4061,"PAU CLARIS - CONSELL DE CENT",1,"trànsit",3,2,7,1,"Espira",2.167826237,41.392200591,430429.10,4582630.61
4062,"GRAN VIA - PAU CLARIS",1,"trànsit",4,2,7,1,"Espira",2.170158251,41.390863781,430622.64,4582480.33
4063,"VALÈNCIA - PAU CLARIS",1,"trànsit",3,2,7,1,"Espira",2.16562981,41.394411551,430247.84,4582877.83
4064,"DIPUTACIÓ - BRUC",1,"trànsit",2,2,7,1,"Espira",2.170195392,41.392768842,430627.77,4582691.79
4065,"ROGER DE LLÚRIA - CASP",1,"trànsit",3,2,7,1,"Espira",2.171912209,41.390828879,430769.24,4582475.05
4066,"GIRONA - CONSELL DE CENT",1,"trànsit",2,2,7,1,"Espira",2.170492432,41.395294749,430655.29,4582971.98
4067,"CONSELL DE CENT - BRUC",1,"trànsit",3,2,7,1,"Espira",2.170175343,41.394429536,430627.86,4582876.18
4068,"GRAN VIA - GIRONA",1,"trànsit",4,2,7,1,"Espira",2.173561973,41.393426605,430909.92,4582762.13
4069,"MALLORCA - BALMES",1,"trànsit",3,2,7,1,"Espira",2.159288754,41.39133759,429714.42,4582541.69
4070,"PELAI - RONDA UNIVERSITAT",1,"trànsit",2,2,10,1,"Espira",2.166822859,41.38572035,430338.30,4581911.99
4071,"AV. ROMA - VILLARROEL",1,"trànsit",3,2,8,1,"Espira",2.155511615,41.385737954,429392.58,4581923.09
4072,"CASANOVA - CONSELL DE CENT",1,"trànsit",2,2,8,1,"Espira",2.158092794,41.385922963,429608.59,4581941.53
4073,"VALÈNCIA - RAMBLA DE CATALUNYA",1,"trànsit",3,2,7,1,"Espira",2.162739622,41.392243602,430003.90,4582639.48
4074,"AV. DIAGONAL - MARINA (Pujada - Gir Aragó)",1,"trànsit",3,2,5,1,"Espira",2.177449769,41.401105544,431243.03,4583611.54
4075,"AV. DIAGONAL - MARINA (Pujada - Seguir a Av. Diagonal)",1,"trànsit",3,2,5,1,"Espira",2.177413174,41.401174682,431240.05,4583619.24
4076,"ARAGÓ - PADILLA",1,"trànsit",4,2,6,1,"Espira",2.179326059,41.402958652,431401.82,4583815.78
4077,"ARAGÓ - NÀPOLS",1,"trànsit",6,2,5,1,"Espira",2.173951607,41.398968027,430948.36,4583377.02
4078,"AV. DIAGONAL - VALÈNCIA (Baixada)",1,"trànsit",3,2,6,1,"Espira",2.173914881,41.40006393,430946.45,4583498.71
4079,"ARAGÓ - BAILÈN",1,"trànsit",6,2,7,1,"Espira",2.170558537,41.396424717,430662.02,4583097.37
4080,"BAILÈN - DIPUTACIÓ",1,"trànsit",2,2,7,1,"Espira",2.173904134,41.394451912,430939.61,4582875.68
4081,"ROSSELLÓ - PG. DE GRÀCIA",1,"trànsit",3,2,7,1,"Espira",2.161054557,41.396102087,429867.17,4583069.20
4082,"GRAN VIA - NÀPOLS",1,"trànsit",4,2,5,1,"Espira",2.1781515,41.396835181,431297.20,4583136.89
4083,"MARINA - CASP (Pujada)",1,"trànsit",4,2,5,1,"Espira",2.181835008,41.398739728,431607.12,4583345.42
4084,"NÀPOLS - DIPUTACIÓ",1,"trànsit",2,2,5,1,"Espira",2.176939896,41.3972542,431196.35,4583184.37
4085,"VALÈNCIA - DOS DE MAIG",1,"trànsit",3,10,64,1,"Espira",2.182553626,41.407122483,431675.97,4584275.49
4086,"JARDINS SALVADOR ESPRIU -DIAGONAL",1,"trànsit",3,2,7,1,"Espira",2.158727479,41.396353222,429672.90,4583098.97
4087,"MUNTANER - LONDRES",1,"trànsit",3,2,8,1,"Espira",2.150893656,41.393050993,429014.43,4582738.75
4088,"PARÍS - ARIBAU",1,"trànsit",3,2,8,1,"Espira",2.153250109,41.393622474,429212.05,4582800.27
4089,"BÀLMES - PARÍS",1,"trànsit",3,2,8,1,"Espira",2.155444054,41.394783959,429396.72,4582927.42
4090,"ARIBAU - ARAGÓ",1,"trànsit",3,2,8,1,"Espira",2.159241723,41.388491561,429707.42,4582225.76
4091,"PAU CLARIS - CASP",1,"trànsit",4,2,7,1,"Espira",2.171552034,41.389395015,430737.61,4582316.15
4092,"ARIBAU - MALLORCA",1,"trànsit",3,2,8,1,"Espira",2.156994939,41.390146298,429521.36,4582411.29
4093,"ARIBAU - DIAGONAL",1,"trànsit",3,2,8,1,"Espira",2.150722125,41.394889827,429002.09,4582943.04
4094,"VILLARROEL - PARÍS",1,"trànsit",2,2,8,1,"Espira",2.149026089,41.391070688,428856.14,4582520.43
4095,"VILLARROEL - ARAGÓ",1,"trànsit",2,2,8,1,"Espira",2.15691792,41.385090439,429509.46,4581850.06
4096,"ROSSELLÓ - ARIBAU",1,"trànsit",2,2,8,1,"Espira",2.155471465,41.391862456,429395.85,4582603.06
4097,"PG. GRÀCIA - CASP (Pujada)",1,"trànsit",3,2,7,1,"Espira",2.16915384,41.388758565,430536.43,4582247.41
4098,"PG. GRÀCIA - ARAGÓ (Baixada)",1,"trànsit",1,2,7,1,"Espira",2.165200713,41.391733825,430209.10,4582580.90
4099,"BALMES - MALLORCA",1,"trànsit",3,2,7,3,"Visió Artificial",2.159349274,41.391790264,429719.97,4582591.89
5001,"PG. COLOM - SIMÓ OLLER (Besòs)",1,"trànsit",3,1,2,1,"Espira",2.181038337,41.379606558,431520.45,4581221.91
5002,"VIA LAIETANA - MANRESA (Baixada)",1,"trànsit",3,1,4,1,"Espira",2.181304663,41.381991586,431545.22,4581486.48
5003,"PAS SOTA MURALLA - LLAUDER (Besòs)",1,"trànsit",3,1,4,1,"Espira",2.184039325,41.381040534,431772.88,4581378.74
5004,"PAS SOTA MURALLA - LLAUDER (Llobregat)",1,"trànsit",2,1,4,1,"Espira",2.183977431,41.381096994,431767.77,4581385.06
5005,"PLA DE PALAU - PG. ISABEL II (Sentit Barceloneta)",1,"trànsit",3,1,4,1,"Espira",2.183784803,41.382289727,431752.91,4581517.63
5006,"PG. JOAN DE BORBÓ - MAQUINISTA (Sentit Pla de Palau)",1,"trànsit",2,1,3,1,"Espira",2.187096406,41.38067601,432028.13,4581335.87
5007,"PL. PAU VILA - DOCTOR AIGUADER (Sentit Pla de Palau)",1,"trànsit",3,1,3,1,"Espira",2.185300395,41.382322889,431879.67,4581520.12
5008,"DOCTOR AIGUADER - PIZARRO (Llobregat)",1,"trànsit",3,1,3,1,"Espira",2.187388899,41.38294342,432054.94,4581587.37
5009,"VIA LAIETANA - ANGEL BAIXERAS (Pujada)",1,"trànsit",2,1,4,1,"Espira",2.181309861,41.38206773,431545.73,4581494.93
5010,"PG. COLOM - PL. ANTONIO LÓPEZ (Llobregat)",1,"trànsit",3,1,2,1,"Espira",2.182063793,41.381276606,431607.94,4581406.51
5011,"RONDA UNIVERSITAT - PL. CATALUNYA",1,"trànsit",4,2,7,1,"Espira",2.167883592,41.387125415,430428.49,4582067.12
5012,"FONTANELLA - PL. CATALUNYA",1,"trànsit",2,2,7,1,"Espira",2.171743539,41.387274511,430751.37,4582080.58
5013,"RONDA SANT PERE - GIRONA",1,"trànsit",3,2,7,1,"Espira",2.176446351,41.390282303,431147.74,4582410.75
5014,"PELAI - BALMES",1,"trànsit",4,1,1,1,"Espira",2.169229328,41.385547155,430539.32,4581890.83
5015,"AV. MARQUÉS DE L'ARGENTERA - COMERÇ (Llobregat)",1,"trànsit",3,1,4,1,"Espira",2.184664698,41.384188949,431828.46,4581727.78
5016,"AV. MARQUÉS DE L'ARGENTERA - COMERÇ (Besós)",1,"trànsit",3,1,4,1,"Espira",2.185153068,41.384657478,431869.79,4581779.41
5017,"PG. LLUÍS COMPANYS - ALMOGÀVERS (Pujada)",1,"trànsit",3,1,4,1,"Espira",2.181420133,41.391002131,431564.32,4582486.73
5018,"PG. LLUÍS COMPANYS - REC COMTAL (Baixada)",1,"trànsit",2,1,4,1,"Espira",2.181775936,41.389623095,431592.62,4582333.35
5019,"TRAFALGAR - MENDEZ NÚÑEZ",1,"trànsit",2,1,4,1,"Espira",2.177868299,41.390287604,431266.62,4582410.21
5020,"ALMOGÀVERS - ROGER DE FLOR",1,"trànsit",2,1,4,2,"Infraroig",2.182148742,41.391213916,431625.46,4582509.67
5022,"VIA LAIETANA - COMTAL (Pujada)",1,"trànsit",2,1,4,2,"Infraroig",2.174518411,41.387268706,430983.37,4582077.72
5023,"VIA LAIETANA - PL. URQUINAONA (Baixada)",1,"trànsit",3,2,7,1,"Espira",2.173148081,41.388176516,430869.76,4582179.60
5024,"PG. JOSEP CARNER - PL. DRASSANES (Besós)",1,"trànsit",3,1,1,1,"Espira",2.177308867,41.375068645,431203.81,4580721.07
5025,"PG. JOSEP CARNER - PORTAL DE LA PAU (Llobregat)",1,"trànsit",4,1,1,1,"Espira",2.177122934,41.375102407,431188.30,4580724.97
5026,"PG. PUJADES - ROGER DE FLOR (Besós)",1,"trànsit",2,1,4,3,"Visió Artificial",2.18510437,41.390103518,431871.40,4582384.06
5027,"PG. PUJADES - WELLINGTON (Llobregat)",1,"trànsit",3,10,66,1,"Espira",2.185023324,41.390148233,431864.67,4582389.09
5028,"PG. JOSEP CARNER - VILÀ I VILÀ (Besòs)",1,"trànsit",3,3,11,1,"Espira",2.175532316,41.372955217,431053.02,4580487.86
5029,"PG. JOSEP CARNER - PL. DRASSANES (Llobregat)",1,"trànsit",3,1,1,1,"Espira",2.175351641,41.372941754,431037.90,4580486.51
5030,"GRAN VIA - RBLA. POBLENOU (Entrada)",1,"trànsit",3,10,71,1,"Espira",2.1924419,41.4077603,432503.12,4584338.55
6001,"MALLORCA - XIFRÉ",1,"trànsit",3,10,64,1,"Espira",2.183407444,41.409444124,431749.77,4584532.57
6002,"PADILLA - PROVENÇA",1,"trànsit",2,2,6,1,"Espira",2.176217811,41.406438095,431145.68,4584204.53
6003,"LEPANT - PROVENÇA",1,"trànsit",2,2,6,1,"Espira",2.176014712,41.404950423,431127.14,4584039.53
6004,"ROSSELLÓ - NÀPOLS",1,"trànsit",3,6,32,1,"Espira",2.170197327,41.402942443,430638.75,4583821.25
6005,"CÒRSEGA - NÀPOLS",1,"trànsit",2,6,32,1,"Espira",2.16818331,41.403177214,430470.65,4583848.93
6006,"SANT ANTONI MARIA CLARET - INDEPENDÈNCIA",1,"trànsit",2,10,64,1,"Espira",2.176273701,41.41263331,431156.90,4584892.27
6007,"INDÚSTRIA - NÀPOLS",1,"trànsit",2,6,32,1,"Espira",2.167885719,41.404637038,430447.33,4584011.24
6008,"SANT ANTONI MARIA CLARET - SICÍLIA",1,"trànsit",2,6,32,1,"Espira",2.167187337,41.405821353,430390.22,4584143.28
6009,"TÚNEL DE LA ROVIRA - BOCA SUD (Sentit Horta)",1,"trànsit",2,7,34,1,"Espira",2.167031709,41.413365984,430385.27,4584981.00
6010,"TÚNEL DE LA ROVIRA - BOCA SUD (Sentit Guinardó)",1,"trànsit",2,7,34,1,"Espira",2.16673198,41.413320004,430360.17,4584976.14
6011,"LEPANT - LLORENS I BARBA",1,"trànsit",3,7,33,1,"Espira",2.168790347,41.41046417,430529.16,4584657.43
6012,"PADILLA - ROSALIA DE CASTRO",1,"trànsit",2,7,33,1,"Espira",2.170566177,41.410725022,430677.86,4584684.97
6013,"SARDENYA - PARE LAÍNEZ",1,"trànsit",2,7,33,1,"Espira",2.167328034,41.407913403,430404.22,4584375.42
6014,"RONDA GUINARDÓ - CARTAGENA (Besòs)",1,"trànsit",2,7,33,1,"Espira",2.172432279,41.414869692,430838.22,4585143.61
6015,"RONDA GUINARDÓ - SANT QUINTÍ (Llobregat)",1,"trànsit",2,7,35,1,"Espira",2.172657576,41.415369266,430857.58,4585198.90
6016,"RONDA DEL MIG - SARDENYA (Besòs)",1,"trànsit",3,7,33,1,"Espira",2.163477565,41.411988115,430086.76,4584830.89
6017,"RONDA DEL MIG - PL. ALFONS X EL SAVI (Llobregat)",1,"trànsit",2,7,33,1,"Espira",2.163535125,41.412093185,430091.68,4584842.51
6018,"PG. MARAGALL - ESCORNALBOU (Sentit Eixample)",1,"trànsit",2,9,63,2,"Infraroig",2.18033775,41.417075729,431501.22,4585382.24
6019,"PG. MARAGALL - ESCORNALBOU (Sentit Horta)",1,"trànsit",2,9,63,2,"Infraroig",2.180434575,41.417024193,431509.26,4585376.44
6020,"TRAVESSERA DE GRÀCIA - BAILÉN",1,"trànsit",2,6,31,2,"Infraroig",2.161334549,41.403533983,429898.56,4583894.06
6021,"MALLORCA - SARDENYA",1,"trànsit",3,2,6,1,"Espira",2.173911221,41.402333197,430948.54,4583750.65
6022,"CÒRSEGA - CARTAGENA",1,"trànsit",2,2,6,1,"Espira",2.176005062,41.409022608,431130.63,4584491.63
6023,"ROSSELLÓ - CASTILLEJOS",1,"trànsit",3,2,6,1,"Espira",2.178129489,41.408900849,431308.06,4584476.43
6024,"CAMÈLIES - CA L'ALEGRE DE DALT",1,"trànsit",2,6,30,1,"Espira",2.159517059,41.411280558,429754.99,4584755.55
6025,"SARDENYA - ROSSELLÓ",1,"trànsit",2,2,6,1,"Espira",2.172426858,41.404046649,430826.29,4583942.06
6026,"PG. SANT JOAN - INDÚSTRIA (Baixada)",1,"trànsit",2,6,32,1,"Espira",2.165495617,41.402253957,430245.01,4583748.59
6027,"PI I MARGALL - SECRETARI COLOMA (Pujada)",1,"trànsit",2,6,32,1,"Espira",2.163726748,41.407948309,430103.25,4584382.20
6028,"PI I MARGALL - SECRETARI COLOMA (Baixada)",1,"trànsit",2,6,32,1,"Espira",2.163562383,41.407951744,430089.52,4584382.71
6029,"CAMÈLIES - ABD EL-KADER",1,"trànsit",2,7,33,1,"Espira",2.164295478,41.413908343,430157.17,4585043.41
6030,"SARDENYA - PL. SANLLEHY",1,"trànsit",2,6,30,1,"Espira",2.161560784,41.413243396,429927.91,4584971.80
6031,"AV. MARE DE DÉU DE MONTSERRAT - FRANÇA",1,"trànsit",2,7,34,1,"Espira",2.163819388,41.414544542,430118.06,4585114.43
7001,"ESCÒCIA - MALGRAT",1,"trànsit",3,8,44,1,"Espira",2.180422568,41.428670364,431520.49,4586669.40
7002,"AV. MERIDIANA - CONCEPCIÓ ARENAL (Entrada)",1,"trànsit",3,9,61,1,"Espira",2.185561279,41.426418508,431947.51,4586415.35
7003,"AV. MERIDIANA - CARDENAL TEDESCHINI (Sortida)",1,"trànsit",3,9,61,1,"Espira",2.185665281,41.426504622,431956.29,4586424.83
7004,"MALLORCA - BISCAIA",1,"trànsit",3,10,65,1,"Espira",2.189822421,41.414288538,432290.96,4585065.35
7005,"AV. MERIDIANA - NAVAS DE TOLOSA (Entrada)",1,"trànsit",3,9,63,1,"Espira",2.18683772,41.4147498,432042.00,4585118.90
7006,"SANT ANTONI MARIA CLARET - ESPRONCEDA",1,"trànsit",2,9,63,1,"Espira",2.18530031,41.419338807,431918.31,4585629.57
7007,"AV. MERIDIANA - CONSELL DE CENT (Entrada)",1,"trànsit",3,10,65,1,"Espira",2.186680571,41.406319076,432020.08,4584183.05
7008,"AV. MERIDIANA - GARCILASO (Sortida)",1,"trànsit",3,9,61,1,"Espira",2.187012818,41.423398945,432065.65,4586078.98
7009,"AV. MERIDIANA - NAVAS DE TOLOSA (Sortida)",1,"trànsit",3,9,63,1,"Espira",2.186999097,41.416030203,432056.82,4585260.92
7010,"AV. MERIDIANA - SANT ANTONI MARIA CLARET (Entrada)",1,"trànsit",3,9,63,1,"Espira",2.186840978,41.419855924,432047.60,4585685.77
7011,"AV. MERIDIANA  - ROSSELLÓ I PORCEL (Sortida)",1,"trànsit",3,8,45,2,"Infraroig",2.184358021,41.436297355,431857.30,4587513.04
7012,"AV. MERIDIANA - ROSSELLÓ I PORCEL (Entrada)",1,"trànsit",3,8,45,2,"Infraroig",2.184265272,41.43662588,431849.89,4587549.58
7014,"AV. RIO JANEIRO - ARGULLÓS (Llobregat)",1,"trànsit",2,8,52,1,"Espira",2.182854493,41.440235283,431735.81,4587951.41
7015,"AV. RIO JANEIRO - JOAQUIM VALLS (Besós)",1,"trànsit",2,8,52,1,"Espira",2.184496966,41.441484351,431874.33,4588088.79
7016,"CONCEPCIÓ ARENAL - CIENFUEGOS",1,"trànsit",2,9,61,1,"Espira",2.18403425,41.423744218,431817.11,4586119.65
7017,"AV. MERIDIANA - CLOT (Sortida)",1,"trànsit",3,10,65,1,"Espira",2.187060021,41.406326936,432051.80,4584183.63
7018,"PG. SANTA COLOMA - PG. TORRAS I BAGES (Llobregat) ",1,"trànsit",1,9,60,1,"Espira",2.189621405,41.44495419,432306.03,4588469.99
7019,"PG. SANTA COLOMA - CTRA. DE RIBES (Besòs)",1,"trànsit",2,9,60,1,"Espira",2.189686588,41.444916158,432311.43,4588465.71
7020,"PG. FABRA I PUIG - VÈLIA",1,"trànsit",2,8,44,1,"Espira",2.180448742,41.4302232,431524.31,4586841.78
7021,"NAVAS DE TOLOSA - JOSEP ESTIVILL",1,"trànsit",3,10,64,1,"Espira",2.184897347,41.416784923,431881.96,4585346.36
7022,"AV. MERIDIANA - RIO DE JANEIRO (Entrada)",1,"trànsit",3,8,52,1,"Espira",2.186060655,41.442070855,432005.57,4588152.67
7023,"AV. MERIDIANA - PG. SANTA COLOMA (Sortida)",1,"trànsit",4,8,60,1,"Espira",2.187191817,41.445082361,432103.21,4588486.12
7024,"PG. VALLDAURA - SANT FRANCESC XAVIER (Pujada)",1,"trànsit",3,8,45,1,"Espira",2.179743409,41.439066401,431474.68,4587824.10
7025,"PG. VALLDAURA - ESCULTOR ORDOÑEZ (Baixada)",1,"trànsit",2,8,45,1,"Espira",2.179768247,41.438989271,431476.67,4587815.52
7026,"PG. FABRA I PUIG - AV. MERIDIANA",1,"trànsit",4,9,60,1,"Espira",2.184228242,41.430180355,431840.06,4586834.04
7027,"PG. TORRAS I BAGES - RESIDÈNCIA (Besòs)",1,"trànsit",2,9,60,1,"Espira",2.191018447,41.440322202,432417.92,4587954.65
7028,"PG. TORRAS I BAGES - RESIDÈNCIA (Llobregat)",1,"trànsit",2,9,60,1,"Espira",2.190912502,41.440305458,432409.05,4587952.88
7029,"VIA JÚLIA - FRANCESC XAVIER",1,"trànsit",1,8,52,1,"Espira",2.178374667,41.44273997,431364.20,4588233.02
7030,"VIA JÚLIA - BATLLORI",1,"trànsit",1,8,52,1,"Espira",2.178063868,41.442927342,431338.44,4588254.07
7031,"FABRA I PUIG - CANIGÓ (Besòs)",1,"trànsit",2,7,43,1,"Espira",2.163511208,41.434181581,430113.37,4587294.77
7032,"FABRA I PUIG - CANIGÓ (Llobregat)",1,"trànsit",2,7,43,1,"Espira",2.163422853,41.434194788,430106.00,4587296.30
7033,"VALÈNCIA - TER",1,"trànsit",3,10,65,1,"Espira",2.187922267,41.411164752,432128.91,4584720.04
7034,"FELIP II - JOSEP ESTIVILL",1,"trànsit",4,9,61,1,"Espira",2.187609668,41.419880352,432111.86,4585687.88
7035,"FELIP II - AV. MERIDIANA",1,"trànsit",3,9,63,1,"Espira",2.186235222,41.420924878,431998.09,4585804.92
7036,"DUBLÍN - CONCEPCIÓ ARENAL",1,"trànsit",2,9,60,1,"Espira",2.185260327,41.428653039,431924.69,4586663.66
8001,"TRAVESSERA DE GRÀCIA - BALMES",1,"trànsit",3,5,26,1,"Espira",2.152265021,41.397831626,429134.27,4583268.37
8002,"GANDUXER - VALERO",1,"trànsit",3,5,26,1,"Espira",2.136224974,41.396703115,427792.15,4583156.33
8003,"RDA. GENERAL MITRE - SARAGOSSA (Besòs)",1,"trànsit",3,5,27,1,"Espira",2.144507364,41.405439542,428494.11,4584119.36
8004,"BALMES - COPÈRNIC (Baixada)",1,"trànsit",3,5,26,1,"Espira",2.145353723,41.40235993,428561.48,4583776.77
8005,"BALMES - COPÈRNIC (Pujada)",1,"trànsit",3,5,26,1,"Espira",2.144102036,41.402960273,428457.51,4583844.45
8006,"RDA. GENERAL MITRE - DR. FLEMING (Sentit Via Augusta)",1,"trànsit",2,5,26,2,"Infraroig",2.133903598,41.395095843,427596.31,4582979.83
8008,"RDA. GENERAL MITRE - GANDUXER (Besòs)",1,"trànsit",4,5,24,1,"Espira",2.134592957,41.399714939,427659.06,4583492.06
8009,"RDA. GENERAL MITRE - TORRAS I PUJALT (Llobregat)",1,"trànsit",4,5,25,1,"Espira",2.134595545,41.399865884,427659.44,4583508.81
8010,"BALMES - PLAÇA J. FOLGUERA (Baixada)",1,"trànsit",3,5,23,1,"Espira",2.140153527,41.404725667,428129.40,4584043.71
8011,"RDA. GENERAL MITRE - BALLESTER (Llobregat)",1,"trànsit",3,5,27,1,"Espira",2.144892663,41.405605907,428526.49,4584137.52
8012,"VIA AUGUSTA - VERGÓS (Baixada)",1,"trànsit",3,5,24,1,"Espira",2.128817385,41.397749761,427174.07,4583278.72
8013,"PG. BONANOVA - IRADIER (Llobregat)",1,"trànsit",2,5,24,1,"Espira",2.126521036,41.402779293,426987.74,4583839.03
8014,"PG. BONANOVA - IRADIER (Besós)",1,"trànsit",2,5,24,1,"Espira",2.127166116,41.403110517,427042.03,4583875.26
8015,"VIA AUGUSTA - MODOLELL (Pujada)",1,"trànsit",3,5,23,1,"Espira",2.137051663,41.397817713,427862.49,4583279.38
8016,"VIA AUGUSTA - AMIGÓ (Baixada)",1,"trànsit",3,5,23,2,"Infraroig",2.141563891,41.398140808,428240.05,4583311.50
8017,"MUNTANER - COPÈRNIC",1,"trànsit",3,5,26,1,"Espira",2.140755124,41.400702128,428175.26,4583596.53
8018,"MUNTANER - AVENIR",1,"trànsit",3,5,26,1,"Espira",2.147293419,41.395792868,428716.44,4583046.11
8019,"ARIBAU - MADRAZO",1,"trànsit",3,5,26,1,"Espira",2.146377917,41.398636602,428643.01,4583362.57
8020,"AV. PRÍNCEP D'ASTÚRIES - PTGE. MULET (Baixada)",1,"trànsit",3,5,27,1,"Espira",2.150351527,41.402462378,428979.35,4583784.04
8021,"TRAVESSERA DE DALT - GRANJA (Llobregat)",1,"trànsit",3,6,30,1,"Espira",2.153480181,41.409034854,429248.00,4584511.14
8022,"TRAVESSERA DE DALT - MASSENS (Besòs)",1,"trànsit",3,6,30,1,"Espira",2.155582961,41.40979099,429424.57,4584593.37
8023,"VIA AUGUSTA - PG. BONANOVA (Sortida)",1,"trànsit",2,5,23,2,"Infraroig",2.123090314,41.400549459,426698.46,4583594.37
8024,"VIA AUGUSTA - PG. BONANOVA (Entrada)",1,"trànsit",2,5,23,2,"Infraroig",2.123037487,41.400506037,426694.00,4583589.60
8026,"VIA AUGUSTA - DOCTOR ROUX (Baixada)",1,"trànsit",3,5,24,1,"Espira",2.130691457,41.397735675,427330.72,4583275.59
8027,"GRAN DE GRÀCIA - RAMBLA DEL PRAT",1,"trànsit",1,6,31,1,"Espira",2.152717236,41.402313324,429176.94,4583765.55
8028,"VIA AUGUSTA - DOCTOR ROUX (Pujada)",1,"trànsit",3,5,24,1,"Espira",2.12952393,41.397803871,427233.19,4583284.14
8031,"CAN RÀBIA - RDA. GENERAL MITRE (Baixada)",1,"trànsit",1,5,24,1,"Espira",2.133954988,41.393817967,427599.18,4582837.92
8032,"AV. PRÍNCEP D'ASTURIES - LES CAROLINES (Pujada)",1,"trànsit",2,5,27,2,"Infraroig",2.1500568,41.402964869,428955.26,4583840.06
8033,"VERGÓS - RAFAEL BATLLE (Besòs)",1,"trànsit",1,5,23,2,"Infraroig",2.126459806,41.396627362,426975.73,4583156.10
8034,"AV. REPÚBLICA ARGENTINA - BALLESTER",1,"trànsit",3,6,28,1,"Espira",2.147671757,41.407991851,428761.39,4584400.11
8035,"PG. SANT JOAN BOSCO - F. CARBONELL (Baixada)",1,"trànsit",3,5,23,1,"Espira",2.128276985,41.39382629,427124.51,4582843.60
8036,"VIA AUGUSTA - ARIBAU (Sentit Pl. Molina)",1,"trànsit",3,5,23,1,"Espira",2.145477374,41.400271187,428569.52,4583544.78
8037,"VIA AUGUSTA - BRUSI (Sentit Rda. General Mitre)",1,"trànsit",2,5,26,1,"Espira",2.145420342,41.400338943,428564.83,4583552.35
8038,"VIA AUGUSTA - LUÍS ANTÚNEZ (Pujada)",1,"trànsit",2,6,31,1,"Espira",2.154013818,41.397809895,429280.43,4583264.53
8039,"VIA AUGUSTA - LA GRANADA DEL PENEDÉS (Baixada)",1,"trànsit",1,6,31,1,"Espira",2.154109318,41.397512478,429288.09,4583231.43
8040,"VERGÒS - RAFAEL BATLLE (Llobregat)",1,"trànsit",2,5,23,1,"Espira",2.126392316,41.396637378,426970.10,4583157.27
8041,"PG. SANT JOAN BOSCO - PL. PRAT DE LA RIBA (Pujada)",1,"trànsit",1,4,19,1,"Espira",2.128407142,41.393824238,427135.39,4582843.26
8042,"MUNTANER - ARIMON",1,"trànsit",2,5,25,1,"Espira",2.136709771,41.403887006,427840.62,4583953.47
8043,"PG. REINA ELISENDA - PARRÒQUIA (Besòs)",1,"trànsit",2,5,23,1,"Espira",2.121025809,41.39980444,426525.05,4583513.41
8044,"PG. REINA ELISENDA - MAJOR DE SARRIÀ (Llobregat)",1,"trànsit",2,5,23,1,"Espira",2.120993526,41.399851411,426522.40,4583518.65
8045,"PG. SANT GERVASI - PL. BONANOVA (Besòs)",1,"trànsit",2,5,25,1,"Espira",2.134041446,41.407120709,427621.18,4584314.70
8046,"PG. SANT GERVASI - TEODORA LAMADRID (Llobregat)",1,"trànsit",2,5,25,1,"Espira",2.133975325,41.407193992,427615.73,4584322.89
8047,"AV. DE J.V. FOIX - MONESTIR (Mar)",1,"trànsit",1,5,23,1,"Espira",2.117353173,41.3991127,426217.26,4583439.74
8048,"AV. DE J.V. FOIX - MONESTIR (Muntanya)",1,"trànsit",2,5,23,1,"Espira",2.11675614,41.399501845,426167.79,4583483.45
8049,"BISBE CATALÀ - BOSCH I GIMPERA (Besòs)",1,"trànsit",1,5,23,1,"Espira",2.115253681,41.396708901,426039.03,4583174.66
8050,"BISBE CATALÀ - BOSCH I GIMPERA (Llobregat)",1,"trànsit",2,5,23,1,"Espira",2.11441068,41.396113868,425967.88,4583109.32
8051,"AV. J.V.FOIX - CARDENAL VIVES I TUTOR (Pujada)",1,"trànsit",2,5,23,1,"Espira",2.120708204,41.394572922,426492.60,4582932.88
8052,"AV. DE PEDRALBES - C. DE BOSCH I GIMPERA (Pujada)",1,"trànsit",2,4,21,1,"Espira",2.121048194,41.393927383,426520.30,4582860.93
8053,"BALMES - CASTANYER (Pujada)",1,"trànsit",2,5,23,1,"Espira",2.138267418,41.407576437,427974.90,4584361.77
8054,"EDUARDO CONDE - CARDENAL VIVES I TUTÓ",1,"trànsit",1,5,23,1,"Espira",2.121025736,41.394648001,426519.23,4582940.95
9001,"MARINA - DOCTOR TRUETA (Baixada)",1,"trànsit",2,10,67,1,"Espira",2.192987167,41.390107211,432530.44,4582378.30
9002,"AV. D'ICÀRIA - TRIAS FARGAS (Besòs)",1,"trànsit",1,10,67,1,"Espira",2.193872614,41.3884078,432602.72,4582188.95
9003,"AV. LITORAL - ARQUITECTE SERT",1,"trànsit",3,10,67,1,"Espira",2.200502744,41.390487438,433159.17,4582414.69
9004,"LLULL- MARINA",1,"trànsit",2,10,66,1,"Espira",2.190726641,41.392622624,432344.06,4582659.32
9005,"RAMON TRIAS FARGAS - DR. TRUETA",1,"trànsit",2,10,67,2,"Infraroig",2.191263026,41.389815372,432385.99,4582347.25
9006,"MARINA - SALVADOR ESPRIU (Pujada)",1,"trànsit",2,10,67,1,"Espira",2.195093176,41.388712468,432705.08,4582221.83
9007,"JOAN MIRÓ - RAMON TURRÓ",1,"trànsit",2,10,67,1,"Espira",2.193112165,41.391782653,432542.63,4582564.21
9008,"AV. D'ICÀRIA - ROSA SENSAT (Llobregat)",1,"trànsit",2,10,67,1,"Espira",2.196033842,41.390506711,432785.57,4582420.29
9009,"SALVADOR ESPRIU - ROSA SENSAT",1,"trànsit",3,10,67,1,"Espira",2.197821342,41.389380725,432933.86,4582293.90
9010,"RAMON TURRÓ - PAMPLONA",1,"trànsit",1,10,67,1,"Espira",2.194585658,41.393600829,432667.69,4582764.92
10001,"ARAGÓ - NAVAS (Llobregat)",1,"trànsit",2,10,65,1,"Espira",2.190735369,41.411679814,432364.55,4584775.02
10002,"BAC DE RODA - BOLIVIA (Pujada)",1,"trànsit",3,10,71,1,"Espira",2.198982804,41.411336644,433053.50,4584730.52
10005,"ARAGÓ - BILBAO (Besòs)",1,"trànsit",2,10,65,1,"Espira",2.191885718,41.412285874,432461.33,4584841.41
10007,"CANTÀBRIA - GUIPÚSCOA (Baixada)",1,"trànsit",2,10,72,1,"Espira",2.201898611,41.41928586,433305.33,4585610.78
10008,"CANTÀBRIA - GUIPÚSCOA (Pujada)",1,"trànsit",2,10,72,1,"Espira",2.201063398,41.420043361,433236.31,4585695.52
10009,"GUIPÚSCOA - MARESME (Llobregat)",1,"trànsit",2,10,73,1,"Espira",2.203021423,41.420925939,433400.83,4585792.00
10010,"GUIPÚSCOA - PUIGCERDÀ (Besós)",1,"trànsit",2,10,73,1,"Espira",2.203240416,41.42079154,433419.00,4585776.91
10011,"RBLA. PRIM - CONCILI DE TRENTO (Baixada)",1,"trànsit",2,10,73,1,"Espira",2.206290826,41.42090264,433674.02,4585786.90
10012,"RBLA. PRIM - CONCILI DE TRENTO (Pujada)",1,"trànsit",2,10,73,1,"Espira",2.205820467,41.421791012,433635.62,4585885.89
10013,"RBLA. PRIM - CRISTÓBAL DE MOURA (Baixada)",1,"trànsit",2,10,70,1,"Espira",2.213462562,41.415434528,434267.81,4585174.37
10014,"RBLA. PRIM - CRISTÓBAL DE MOURA (Pujada)",1,"trànsit",2,10,70,1,"Espira",2.212744809,41.416503516,434208.91,4585293.59
10015,"BILBAO - CONCILI DE TRENTO",1,"trànsit",2,10,65,2,"Infraroig",2.192147274,41.411291908,432482.16,4584730.86
10017,"RBLA. GUIPÚSCOA - EXTREMADURA (Entrada)",1,"trànsit",2,10,65,1,"Espira",2.208423245,41.424981711,433856.35,4586238.12
10018,"RBLA. GUIPÚSCOA - CAMÍ DE LA VERNEDA (Sortida)",1,"trànsit",2,10,73,1,"Espira",2.20866893,41.424819176,433876.72,4586219.89
10019,"BADAJOZ - PUJADES",1,"trànsit",2,10,68,1,"Espira",2.207929859,41.419244741,433809.30,4585601.59
11001,"AV. ESTATUT- LISBOA (Pujada)",1,"trànsit",2,7,37,1,"Espira",2.155229006,41.430651454,429417.58,4586909.57
11002,"AV. ESTATUT - CAN TRAVI NOU (Baixada)",1,"trànsit",2,7,37,1,"Espira",2.154167839,41.431797827,429330.16,4587037.71
11003,"AV. ESTATUT - PL. CIUTADELLA (Pujada)",1,"trànsit",2,7,37,1,"Espira",2.154498404,41.431564447,429357.53,4587011.53
11004,"AV. ESTATUT - PG. VALLDAURA (Baixada)",1,"trànsit",2,7,43,1,"Espira",2.153437475,41.435942077,429273.64,4587498.40
11005,"PG. SANT GERVASI - PL. ALFONS COMÍN",1,"trànsit",2,5,28,1,"Espira",2.137721553,41.413694232,427936.04,4585041.41
11006,"AV. VALLCARCA - CAPELLADES (Pujada)",1,"trànsit",1,6,28,2,"Infraroig",2.140756232,41.419784876,428196.37,4585715.07
11007,"ESTEVE TERRADES - PL. ALFONS COMÍN (Pujada)",1,"trànsit",2,6,28,2,"Infraroig",2.138282314,41.415316401,427984.69,4585221.04
11008,"TÚNEL DE LA ROVIRA - BOCA NORD (Sentit Horta)",1,"trànsit",2,7,43,2,"Infraroig",2.158381441,41.423738999,429673.52,4586139.59
11009,"TÚNEL DE LA ROVIRA - BOCA NORD (Sentit Guinardó)",1,"trànsit",2,7,35,2,"Infraroig",2.158203197,41.423705672,429658.59,4586136.04
11010,"CTRA. D'HORTA A CERDANYOLA - RONDA DE DALT (Entrada)",1,"trànsit",2,7,43,1,"Espira",2.153426941,41.437187209,429274.11,4587636.64
11011,"CTRA. D'HORTA A CERDANYOLA - AV. ESTATUT (Sortida)",1,"trànsit",1,7,43,1,"Espira",2.153502509,41.4372114,429280.45,4587639.26
11012,"AV. ESPLUGUES - JARDINS CERVANTES (Entrada)",1,"trànsit",2,4,21,1,"Espira",2.105337376,41.386069165,425197.86,4582001.96
11013,"AV. ESPLUGUES - GONZÁLEZ TABLAS (Sortida)",1,"trànsit",2,4,21,1,"Espira",2.10555371,41.386661294,425216.63,4582067.51
11014,"AV. VALLVIDRERA (Entrada)",1,"trànsit",1,5,23,1,"Espira",2.116929523,41.4043312,426187.75,4584019.45
11015,"AV. VALLVIDRERA (Sortida)",1,"trànsit",1,5,23,1,"Espira",2.11693966,41.404378166,426188.65,4584024.65
11018,"AV. REPÚBLICA ARGENTINA - VIADUCTE VALLCARCA (Pujada)",1,"trànsit",2,6,28,1,"Espira",2.142915413,41.411530009,428367.73,4584796.84
11019,"AV. REPÚBLICA ARGENTINA - VIADUCTE VALLCARCA (Baixada)",1,"trànsit",2,6,28,1,"Espira",2.14369729,41.411414628,428432.95,4584783.38
11020,"AV. REPÚBLICA ARGENTINA - PL. ALFONSO COMÍN",1,"trànsit",2,6,28,1,"Espira",2.138144118,41.413825678,427971.50,4585055.66
11021,"PG. SANT GERVASI - GARCÍA MARIÑO",1,"trànsit",2,5,27,1,"Espira",2.137902552,41.412938452,427950.33,4584957.36
11022,"CRAYWINCKEL - AV. REPÚBLICA ARGENTINA",1,"trànsit",2,6,28,1,"Espira",2.1395395,41.412126984,428086.24,4584865.91
11023,"ESTEVE TARRADES - JOSEP JOVER (Pujada)",1,"trànsit",2,6,28,1,"Espira",2.140406943,41.413979783,428160.78,4585070.89
11024,"ESTEVE TARRADES - JOSEP JOVER (Baixada)",1,"trànsit",1,6,28,1,"Espira",2.140947327,41.413327547,428205.22,4584998.03
11025,"AV. VALLCARCA - GUSTAVO BÈCQUER (Pujada)",1,"trànsit",2,6,28,1,"Espira",2.141913498,41.416235721,428289.17,4585320.09
11026,"AV. VALLCARCA - GUSTAVO BÈCQUER (Baixada)",1,"trànsit",2,6,28,1,"Espira",2.142221405,41.415606844,428314.21,4585250.02
11027,"GENERAL VIVES - MAJOR DE SARRIÀ (Besòs)",1,"trànsit",2,5,23,1,"Espira",2.116905822,41.403770146,426185.13,4583957.18
11028,"GENERAL VIVES - MAJOR DE SARRIÀ (Llobregat)",1,"trànsit",2,5,23,1,"Espira",2.116377076,41.403453085,426140.58,4583922.43
11030,"AV. TIBIDABO - PG. SANT GERVASI",1,"trànsit",1,5,25,1,"Espira",2.136783478,41.410624212,427854.24,4584701.37
11031,"VIADUCTE VALLCARCA - PL. MONS",1,"trànsit",2,6,28,3,"Visió Artificial",2.143416298,41.411787133,428409.88,4584824.97
11032,"PG. MARE DE DÉU DEL COLL - PL. MONS",1,"trànsit",1,6,28,3,"Visió Artificial",2.144823314,41.413590935,428529.45,4585024.06
11033,"AV. VALLCARCA - AGRAMUNT (Pujada)",1,"trànsit",2,6,28,3,"Visió Artificial",2.147283606,41.410078257,428731.23,4584632.06
11034,"AV. VALLCARCA - AGRAMUNT (Baixada)",1,"trànsit",1,6,28,3,"Visió Artificial",2.147063115,41.410195606,428712.93,4584645.27
13001,"PG. MARAGALL - MOSSEN JOSEP BUNDÓ (Sentit Eixample)",1,"trànsit",2,8,44,1,"Espira",2.168212631,41.427404122,430498.94,4586538.55
13002,"PG. MARAGALL - SABASTIDA (Sentit Horta)",1,"trànsit",2,8,44,1,"Espira",2.168207371,41.427477948,430498.57,4586546.75
13003,"TAJO - BAIXADA MERCAT (Sentit Pg. Maragall)",1,"trànsit",2,7,43,2,"Infraroig",2.160964206,41.429560283,429895.60,4586783.77
13004,"TAJO - BAIXADA MERCAT (Sentit Av. Estatut)",1,"trànsit",1,7,43,2,"Infraroig",2.160366612,41.429679646,429845.80,4586797.51
13005,"RONDA GUINARDÓ - RUBIÓ I ORS",1,"trànsit",2,7,35,1,"Espira",2.176743621,41.419854649,431203.79,4585693.60
13006,"RONDA GUINARDÓ - TORRE DELS PARDALS",1,"trànsit",2,7,35,1,"Espira",2.177247583,41.422244565,431248.43,4585958.53
13007,"RAMÓN ALBÓ - PG. MARAGALL",1,"trànsit",2,9,62,1,"Espira",2.177341369,41.425010799,431259.18,4586265.56
13008,"ARNAU D'OMS - ESCÒCIA",1,"trànsit",2,8,44,1,"Espira",2.177297178,41.428986776,431259.68,4586707.01
13009,"AV. RIO DE JANEIRO - PINTOR ALSAMORA",1,"trànsit",2,8,45,1,"Espira",2.17992431,41.435318202,431485.85,4587407.83
13010,"PG. MARAGALL - PINAR DEL RIO (Sentit Horta)",1,"trànsit",2,7,35,1,"Espira",2.178546041,41.422863302,431357.58,4586026.19
13011,"PG. MARAGALL - ACÀCIES (Sentit Eixample)",1,"trànsit",2,7,35,1,"Espira",2.178404059,41.422892872,431345.75,4586029.59
13012,"AV. BORBÓ - JOAN ALCOVER",1,"trànsit",2,8,44,1,"Espira",2.174376729,41.429304487,431016.00,4586744.60
13013,"PG. FABRA I PUIG - AMÍLCAR (Sentit Horta)",1,"trànsit",2,8,46,1,"Espira",2.171214951,41.430400436,430752.98,4586868.80
13014,"PG. FABRA I PUIG - DAS (Sentit Sant Andreu)",1,"trànsit",1,8,46,1,"Espira",2.171304432,41.430319587,430760.38,4586859.75
13015,"DOCTOR PI I MOLIST - ESCULTOR ORDOÑEZ",1,"trànsit",2,8,46,1,"Espira",2.174083786,41.431686729,430994.05,4587009.31
13016,"DOCTOR PI I MOLIST - ALLOZA (carril Bus)",1,"trànsit",1,8,45,1,"Espira",2.174139831,41.431452974,430998.48,4586983.31
13017,"PG. VALLDAURA - ISARD (Pujada)",1,"trànsit",2,8,48,1,"Espira",2.170001783,41.438915648,430660.68,4587815.12
13018,"PG. VALLDAURA - GASELA (Baixada)",1,"trànsit",2,8,48,1,"Espira",2.169853286,41.438840441,430648.20,4587806.89
16001,"POTOSÍ - CIUTAT D'ASUNCIÓN (Sentit Torras i Bages)",1,"trànsit",2,9,59,1,"Espira",2.197622426,41.442706772,432972.08,4588214.25
16002,"POTOSÍ - FERRAN JUNOY (Sentit Santa Coloma)",1,"trànsit",2,9,59,1,"Espira",2.197641852,41.44255521,432973.54,4588197.41
16003,"FERRAN JUNOY - SAO PAULO",1,"trànsit",3,9,59,1,"Espira",2.19660021,41.442039624,432885.99,4588140.98
16004,"SANT ADRIÀ - PG. L'HAVANA (Sentit Torras i Bages)",1,"trànsit",3,9,59,1,"Espira",2.195436598,41.435537829,432782.08,4587420.06
16006,"PG. SANTA COLOMA - C. TIANA (Sentit Llobregat) ",1,"trànsit",2,9,57,3,"Visió Artificial",2.198063767,41.447942652,433014.33,4588795.20
16007,"PG. SANTA COLOMA - C. TIANA (Sentit Besós) ",1,"trànsit",2,9,57,3,"Visió Artificial",2.200127619,41.448569428,433187.37,4588863.19
17001,"AV. DIAGONAL - LLULL (Baixada)",1,"trànsit",2,10,70,1,"Espira",2.216890264,41.41071289,434549.53,4584647.58
17002,"AV. DIAGONAL - RAMBLA PRIM (Pujada)",1,"trànsit",2,10,70,1,"Espira",2.216803467,41.410892554,434542.46,4584667.59
17003,"PG. GARCIA FARIA - JOSEP PLÀ",1,"trànsit",3,10,69,1,"Espira",2.217901079,41.406593994,434629.89,4584189.54
17004,"AV. LITORAL - SELVA DE MAR",1,"trànsit",3,10,69,1,"Espira",2.218265677,41.405490507,434659.26,4584066.76
17005,"AV. DIAGONAL - PERE IV (Pujada)",1,"trànsit",2,10,68,1,"Espira",2.200159758,41.406740108,433147.15,4584219.31
17006,"SORTIDA 24, RONDA LITORAL SENTIT BESÒS",1,"trànsit",1,10,68,1,"Espira",2.218196811,41.405554007,434653.56,4584073.86
17007,"JOSEP PLÀ - PG. TAULAT",1,"trànsit",3,10,71,1,"Espira",2.215944474,41.408745186,434468.51,4584429.84
17008,"PG. VALL D'HEBRON - C. DE TICIÀ (LLOBREGAT)",1,"trànsit",2,10,68,1,"Espira",2.138464912,41.416558308,428001.32,4585358.76
17009,"RDA. DALT SORTIDA 6 LLOBREGAT",1,"trànsit",1,5,71,1,"Espira",2.138240663,41.417147252,427983.23,4585424.33
20001,"DIPUTACIÓ - COMTE D'URGELL (carril BICI)",2,"bicis",1,2,8,1,"Espira",2.157086,41.383003,429521.26,4581618.18
20002,"DIPUTACIÓ - COMTE BORELL (carrril BICI)",2,"bicis",1,2,9,1,"Espira",2.157086,41.383003,429521.26,4581618.18
20003,"GRAN VIA DE LES CORTS CATALANES - MUNTANER (carril BICI)",2,"bicis",1,2,8,1,"Espira",2.161647,41.384585,429904.32,4581790.11
20004,"GRAN VIA DE LES CORTS CATALANES - ARIBAU (carril BICI)",2,"bicis",1,2,8,1,"Espira",2.16307,41.385367,430024.14,4581875.78
20005,"MUNTANER - GRAN VIA DE LES CORTS CATALANES (carril BICI)",2,"bicis",1,2,8,1,"Espira",2.163126,41.383875,430027.22,4581710.10
20006,"MUNTANER - SEPULVEDA (carril BICI)",2,"bicis",1,2,10,1,"Espira",2.163126,41.383875,430027.22,4581710.10
20007,"ENRIC GRANADOS - MALLORCA (carril BICI)",2,"bicis",1,2,8,1,"Espira",2.159379,41.389989,429720.51,4582391.90
20008,"ENRIC GRANADOS - VALENCIA (carril BICI)",2,"bicis",1,2,8,1,"Espira",2.159379,41.389989,429720.51,4582391.90
20009,"CONSELL DE CENT - SARDENYA (carril BICI)",2,"bicis",1,2,5,1,"Espira",2.177922,41.400205,431281.56,4583511.19
20010,"PL. TETUAN - PG. SANT JOAN (carril BICI)",2,"bicis",1,2,5,1,"Espira",2.176228,41.395539,431135.03,4582994.52
20011,"PL. TETUAN - ROGER DE FLOR (carril BICI)",2,"bicis",1,2,7,1,"Espira",2.176228,41.395539,431135.03,4582994.52
20012,"DIPUTACIÓ - SARDENYA (carril BICI)",2,"bicis",1,2,5,1,"Espira",2.177866,41.398554,431275.14,4583327.94
20013,"CONSELL DE CENT - COMTE BORRELL (carril BICI)",2,"bicis",1,2,9,1,"Espira",2.154621166,41.38268709,429314.82,4581585.12
20014,"VILAMARÍ - DIPUTACIÓ (carril BICI)",2,"bicis",1,2,9,1,"Espira",2.150748,41.377859,428985.72,4581052.28
20015,"VILAMARÍ - GRAN VIA DE LES CORTS CATALANES (carril BICI)",2,"bicis",1,2,9,1,"Espira",2.150748,41.377859,428985.72,4581052.28
20016,"PROVENÇA - ROGER DE FLOR (carril BICI)",2,"bicis",1,2,7,1,"Espira",2.170748,41.401642,430683.40,4583676.44
20017,"PROVENÇA - NÀPOLS (carril BICI)",2,"bicis",1,2,6,1,"Espira",2.170748,41.401642,430683.40,4583676.44
20018,"PG. SANT JOAN - CASP (carril BICI)",2,"bicis",1,2,5,1,"Espira",2.177559,41.393383,431244.03,4582754.11
20019,"PG. SANT JOAN - AUSIAS MARC (carril BICI)",2,"bicis",1,2,5,1,"Espira",2.177559,41.393383,431244.03,4582754.11
20024,"AV. MERIDIANA - MALLORCA (carril BICI)",2,"bicis",1,10,64,1,"Espira",2.186709,41.410397,432026.71,4584635.76
20025,"AV. MERIDIANA . VALÈNCIA (carril BICI)",2,"bicis",1,10,65,1,"Espira",2.187069,41.410699,432057.11,4584669.00
20026,"ARAGÓ - CLOT (carril BICI)",2,"bicis",1,10,65,1,"Espira",2.189909,41.410836,432294.61,4584681.99
20027,"ARAGÓ - NAVAS DE TOLOSA (carril BICI)",2,"bicis",1,10,65,1,"Espira",2.189762,41.410914,432282.41,4584690.76
20028,"MARINA - PUJADES (carril BICI)",2,"bicis",1,10,66,1,"Espira",2.189293,41.392954,432224.55,4582697.23
20029,"MARINA - LLULL (carril BICI)",2,"bicis",1,10,66,1,"Espira",2.189293,41.392954,432224.55,4582697.23
20030,"AV. ICARIA - RAMÓN TRIAS FARGAS (carril BICI)",2,"bicis",1,10,67,1,"Espira",2.194159,41.38868,432626.94,4582218.95
20031,"AV. ICARIA - MARINA (carril BICI)",2,"bicis",1,10,67,1,"Espira",2.194159,41.38868,432626.94,4582218.95
20032,"ALABA - DR. TRUETA (carril BICI)",2,"bicis",1,10,67,1,"Espira",2.198568,41.392953,432999.95,4582689.91
20033,"ALABA - AV. ICARIA (carril BICI)",2,"bicis",1,10,67,1,"Espira",2.198568,41.392953,432999.95,4582689.91
20036,"TARRAGONA- ELISI (carril BICI) ",2,"bicis",1,3,15,1,"Espira",2.144812,41.378686,428490.25,4581148.97
20037,"TARRAGONA- SANT NICOLAU",2,"bicis",1,3,15,1,"Espira",2.144812,41.378686,428490.25,4581148.97
20038,"AV. PARAL·LEL - TAMARIT (carril BICI)",2,"bicis",1,3,11,1,"Espira",2.156404,41.375021,429455.61,4580732.59
20039,"AV. PARAL·LEL - VLLHONRAT (carril BICI)",2,"bicis",1,3,11,1,"Espira",2.156404,41.375021,429455.61,4580732.59
20040,"CALÀBRIA- GRAN VIA DE LES CORTS CATALANES (carril BICI)",2,"bicis",1,2,9,1,"Espira",2.155444,41.379384,429380.05,4581217.74
20041,"CALÀBRIA- SEPÚLVEDA (carril BICI)",2,"bicis",1,2,10,1,"Espira",2.155444,41.379384,429380.05,4581217.74
20042,"RDA. SANT PAU - PARLAMENT (carril BICI)",2,"bicis",1,1,1,1,"Espira",2.1645601,41.377523,430140.34,4581003.75
20043,"RDA. SANT PAU - CERA (carril BICI)",2,"bicis",1,2,10,1,"Espira",2.1645601,41.377523,430140.34,4581003.75
20044,"COMTE D'URGELL - CÒRSEGA (carril BICI)",2,"bicis",1,2,8,1,"Espira",2.149496,41.388927,428893.09,4582282.06
20045,"COMTE D'URGELL - ROSSELLÓ (carril BICI)",2,"bicis",1,2,8,1,"Espira",2.149496,41.388927,428893.09,4582282.06
20046,"PROVENÇA - ENRIC GRANADOS (carril BICI)",2,"bicis",1,2,8,1,"Espira",2.157598,41.391738,429573.50,4582587.51
20047,"PROVENÇA - BALMES (carril BICI)",2,"bicis",1,2,7,1,"Espira",2.157598,41.391738,429573.50,4582587.51
20048,"GIRONA - MALLORCA (carril BICI)",2,"bicis",1,2,7,1,"Espira",2.168357,41.396866,430478.45,4583148.13
20049,"GIRONA - VALÈNCIA (carril BICI)",2,"bicis",1,2,7,1,"Espira",2.168357,41.396866,430478.45,4583148.13
20050,"FELIP II - JUAN DE GARAY (carril BICI)",2,"bicis",1,9,63,1,"Espira",2.1865147,41.420635,432021.14,4585772.52
20051,"FELIP II - SANT ANTONIO MARIÀ CLARET (carril BICI)",2,"bicis",1,9,63,1,"Espira",2.1865147,41.420635,432021.14,4585772.52
20052,"BAC DE RODA - PASSATGE D'OLIVÉ (carril BICI)",2,"bicis",1,10,69,1,"Espira",2.205937,41.406005,433629.29,4584133.25
20053,"BAC DE RODA - PUJADES (carril BICI)",2,"bicis",1,10,68,1,"Espira",2.205937,41.406005,433629.29,4584133.25
20054,"PUJADES - LLACUNA (carril BICI)",2,"bicis",1,10,68,1,"Espira",2.199269,41.400539,433066.34,4583531.55
20055,"PUJADES - RBLA. POBLENOU (carril BICI)",2,"bicis",1,10,68,1,"Espira",2.199269,41.400539,433066.34,4583531.55
20056,"AV. MERIDIANA - LEPANT (carril BICI)",2,"bicis",1,10,66,1,"Espira",2.186951,41.396341,432032.29,4583075.09
20057,"AV. MERIDIANA - ALMOGÀVERS (carril BICI)",2,"bicis",1,10,66,1,"Espira",2.1867983,41.396339,432019.52,4583074.99
20060,"GIRONA - AUSIÀS MARC (carril BICI)",2,"bicis",1,2,7,1,"Espira",2.175385,41.391549,431060.34,4582552.23
20061,"GIRONA - RDA. SANT PERE (carril BICI)",2,"bicis",1,2,7,1,"Espira",2.175385,41.391549,431060.34,4582552.23
20062,"SELVA DE MAR - TAULAT (carril BICI)",2,"bicis",1,10,69,1,"Espira",2.2136506,41.405462,434273.48,4584067.09
20063,"SELVA DE MAR - RAMON CALSINA (carril BICI)",2,"bicis",1,10,69,1,"Espira",2.2136506,41.405462,434273.48,4584067.09
20064,"CALÀBRIA - PARIS (carril BICI)",2,"bicis",1,2,9,1,"Espira",2.145108,41.387131,428524.25,4582086.28
20065,"CALÀBRIA - CÒRSEGA (carril BICI)",2,"bicis",1,2,9,1,"Espira",2.145108,41.387131,428524.25,4582086.28
20066,"AV. VILANOVA - ROGER DE FLOR (carril BICI)",2,"bicis",1,1,4,1,"Espira",2.181099,41.392112,431538.64,4582610.20
20067,"AV. VILANOVA - PG. LLUÍS COMPANYS (carril BICI)",2,"bicis",1,1,4,1,"Espira",2.181099,41.392112,431538.64,4582610.20
20068,"JOSEP TARRADELLES - VILADOMAT (carril BICI)",2,"bicis",1,2,9,1,"Espira",2.143731,41.390297,428412.60,4582438.90
20069,"JOSEP TARRADELLES - AV. SARRIÀ (carril BICI)",2,"bicis",1,2,8,1,"Espira",2.143731,41.390297,428412.60,4582438.90
20070,"VIA JÚLIA - CARRER DEL TURÓ BLAU (carril BICI)",2,"bicis",1,8,52,1,"Espira",2.17619,41.440121,431178.93,4587944.00
20071,"VIA JÚLIA - FONT D'EN CANYELLES (carril BICI)",2,"bicis",1,8,52,1,"Espira",2.17619,41.440121,431178.93,4587944.00
20072,"PG. VALLDAURA - CARRER DEL MARNE (carril BICI)",2,"bicis",1,8,48,1,"Espira",2.171071,41.438687,430749.77,4587788.88
20073,"PG. VLLDAURA - ALSÀCIA (carril BICI)",2,"bicis",1,8,48,1,"Espira",2.171071,41.438687,430749.77,4587788.88
20074,"Bac de Roda - Llull  (carril BICI)",2,"bicis",1,10,68,1,"Espira",2.207600715,41.404720744,433767.04,4583989.40
20075,"Bac de Roda -Ramon Turró  (carril BICI)",2,"bicis",1,10,68,1,"Espira",2.208639815,41.403998275,433853.17,4583908.40
20076,"Ramon Turró - Bac de Roda  (carril BICI)",2,"bicis",1,10,68,1,"Espira",2.208704717,41.403980061,433858.57,4583906.33
20077,"Ramon Turró - Espronceda  (carril BICI)",2,"bicis",1,10,68,1,"Espira",2.207624455,41.403037264,433767.32,4583802.49
20078,"Ramon Turró - Selva de Mar  (carril BICI)",2,"bicis",1,10,69,1,"Espira",2.212116792,41.406488164,434146.31,4584182.18
20079,"Ramon Turró - Provençals  (carril BICI)",2,"bicis",1,10,69,1,"Espira",2.211011058,41.405567499,434052.96,4584080.81
20080,"Ramon Turró - Piquer  (carril BICI)",2,"bicis",1,10,68,1,"Espira",2.206653478,41.402635805,433685.75,4583758.66
20081,"Ramon Turró - Lope de Vega  (carril BICI)",2,"bicis",1,10,68,1,"Espira",2.206026755,41.402150799,433632.87,4583705.30
20084,"Sant Adrià - Ciutat D'Asunción  (carril BICI)",2,"bicis",1,9,59,1,"Espira",2.200998917,41.436178248,433247.45,4587486.85
20085,"Sant Adrià - Fra Juniper Serra  (carril BICI)",2,"bicis",1,9,59,1,"Espira",2.198351201,41.435357281,433025.40,4587397.75
20090,"Cartagena - Provença  (carril BICI)",2,"bicis",1,2,6,1,"Espira",2.179411111,41.407275,431413.47,4584294.91
20091,"Cartagena - Rosselló  (carril BICI)",2,"bicis",1,2,6,1,"Espira",2.178327778,41.408102778,431323.80,4584387.67
20092,"Cartagena - Aragó  (carril BICI)",2,"bicis",1,2,6,1,"Espira",2.182883333,41.404658333,431700.95,4584001.67
20093,"Cartagena - València  (carril BICI)",2,"bicis",1,2,6,1,"Espira",-0.393669097,39.470847845,208060.75,4374528.80
20094,"Trav. de Gracia - Lepant  (carril BICI)",2,"bicis",1,7,33,1,"Espira",2.169594323,41.408707867,430594.48,4584461.80
20095,"Trav. de Gracia - Padilla  (carril BICI)",2,"bicis",1,7,33,1,"Espira",2.171270137,41.409847374,430735.76,4584586.97
20100,"Trav. de Gracia - Bailen  (carril BICI)",2,"bicis",1,6,31,1,"Espira",2.161962137,41.404022261,429951.54,4583947.76
20101,"Trav. de Gracia - Torrent de les flors  (carril BICI)",2,"bicis",1,6,31,1,"Espira",2.162610793,41.404426955,430006.20,4583992.16
20102,"Marina - Industria  (carril BICI)",2,"bicis",1,2,6,1,"Espira",2.171323738,41.406780797,430736.98,4584246.48
20104,"Av. Rio De Janeiro - Argullòs  (carril BICI)",2,"bicis",1,8,52,1,"Espira",2.183310088,41.440688644,431774.35,4588001.38
20105,"Av. Rio De Janeiro - Baltasar Gracián  (carril BICI)",2,"bicis",1,8,52,1,"Espira",2.182623619,41.440101735,431716.38,4587936.77
20106,"Selva De Mar - Gran Via  (carril BICI)",2,"bicis",1,10,71,1,"Espira",2.201732666,41.414784841,433286.85,4585111.21
20107,"Selva De Mar - Perú  (carril BICI)",2,"bicis",1,10,71,1,"Espira",2.201199098,41.414825989,433242.30,4585116.19
20110,"Av. Pau Casals - Mestre Nicolau  (carril BICI)",2,"bicis",1,5,26,1,"Espira",2.142480739,41.393648247,428311.75,4582811.98
20111,"Av. Pau Casals - Bori i Fontesta  (carril BICI)",2,"bicis",1,5,26,1,"Espira",2.142567394,41.393866645,428319.24,4582836.16
20112,"Pg. Pujades - Lluis Companys (Llobregat)  (carril BICI)",2,"bicis",1,1,4,1,"Espira",2.183498758,41.389012658,431736.02,4582264.22
20113,"Pg. Pujades - Picasso  (carril BICI)",2,"bicis",1,1,4,1,"Espira",2.18233971,41.387999938,431638.06,4582152.70
20114,"Pg. Pujades - Lluis Companys (Besòs)  (carril BICI)",2,"bicis",1,1,4,1,"Espira",2.183503448,41.389030077,431736.43,4582266.15
20115,"Pg. Pujades - Roger De Flor  (carril BICI)",2,"bicis",1,1,4,1,"Espira",2.18447181,41.389662473,431818.05,4582335.60
20116,"Londres - Calabria  (carril BICI)",2,"bicis",1,2,9,1,"Espira",2.144130047,41.388391647,428443.87,4582227.04
20117,"Londres - Villarroel  (carril BICI)",2,"bicis",1,2,8,1,"Espira",2.148100484,41.39137643,428779.09,4582555.13
20118,"Londres - Comte d'Urgell  (carril BICI)",2,"bicis",1,2,8,1,"Espira",2.146438591,41.391359328,428640.13,4582554.60
20119,"Paris - Aribau  (carril BICI)",2,"bicis",1,2,8,1,"Espira",2.152467325,41.393092992,429146.03,4582742.12
20120,"Paris - Enric Granados  (carril BICI)",2,"bicis",1,2,8,1,"Espira",2.15350926,41.393885681,429234.00,4582829.28
20121,"Paris - Comte Borrell  (carril BICI)",2,"bicis",1,2,9,1,"Espira",2.146834875,41.388878549,428670.55,4582278.86
20122,"Paris - Comte Urgell  (carril BICI)",2,"bicis",1,2,8,1,"Espira",2.147811926,41.389614027,428753.04,4582359.71
20123,"Paris - Rocafort  (carril BICI)",2,"bicis",1,2,9,1,"Espira",2.143432332,41.386296654,428383.24,4581995.03
20124,"Paris - Calabria  (carril BICI)",2,"bicis",1,2,9,1,"Espira",2.144540471,41.387135422,428476.81,4582087.24
20125,"Bori i Fontesta - Can Rabia  (carril BICI)",2,"bicis",1,5,24,1,"Espira",2.135525555,41.392239332,427728.74,4582661.35
20126,"Bori i Fontesta - Doctor Fleming  (carril BICI)",2,"bicis",1,5,26,1,"Espira",2.135529526,41.392234367,427729.06,4582660.79
20127,"Bori i Fontesta - Ganduxer (carril BICI)",2,"bicis",1,5,26,1,"Espira",2.136101311,41.39235948,427777.00,4582674.20
20128,"Bori i Fontesta - Doctor Fleming (Besòs)  (carril BICI)",2,"bicis",1,5,26,1,"Espira",2.136096679,41.392363948,427776.62,4582674.70
20129,"Doctor Fleming - Sarrià  (carril BICI)",2,"bicis",1,5,24,1,"Espira",2.135901021,41.392086845,427759.96,4582644.10
20130,"Doctor Fleming - Bori i Fontesta  (carril BICI)",2,"bicis",1,5,26,1,"Espira",2.135912632,41.392089823,427760.93,4582644.42
20131,"AV.DIAGONAL - SARRIÀ",2,"bicis",1,4,19,1,"Espira",2.138524278,41.391414781,427978.53,4582567.31
20132,"AV. DIAGONAL - GANDUXER",2,"bicis",1,4,19,1,"Espira",2.138530386,41.391403106,427979.02,4582566.01
20133,"GANDUXER - AV. DIAGONAL",2,"bicis",1,4,19,1,"Espira",2.138703117,41.392809842,427995.02,4582722.04
20134,"GANDUXER - BORI I FONTESTA (BAIXADA)",2,"bicis",1,5,26,1,"Espira",2.138711339,41.392813954,427995.71,4582722.49
20135,"GANDUXER - TRES TORRES",2,"bicis",1,5,26,1,"Espira",2.135461988,41.397577517,427729.34,4583254.04
20136,"GANDUXER - PL. SANT GREGORI TAUMATURGO",2,"bicis",1,5,26,1,"Espira",2.1381211,41.394072865,427947.75,4582862.74
20137,"GANDUXER - BORI I FONTESTA (PUJADA)",2,"bicis",1,5,26,1,"Espira",2.138111257,41.394074342,427946.93,4582862.91
20139,"SARDENYA - DIPUTACIÓ",2,"bicis",1,2,5,1,"Espira",2.179031357,41.399458593,431373.51,4583427.44
20140,"SARDENYA - MERIDIANA",2,"bicis",1,10,66,1,"Espira",2.186790585,41.393767637,432016.19,4582789.52
20141,"SARDENYA - ALMOGAVERS",2,"bicis",1,2,5,1,"Espira",2.185458103,41.394266076,431905.32,4582845.91
20142,"SARDENYA - ROSSELLÓ",2,"bicis",1,2,6,1,"Espira",2.171743585,41.404579215,430769.74,4584001.73
20155,"TENOR VIÑAS - CALVET",2,"bicis",1,5,26,1,"Espira",2.142033824,41.394878432,428275.74,4582948.93
20156,"TENOR VIÑAS - FERRAN AGULLÓ",2,"bicis",1,5,26,1,"Espira",2.142018031,41.394880295,428274.42,4582949.15
20157,"DOCTOR FLEMING - SANTA FE DE NOU MEXIC",2,"bicis",1,5,26,1,"Espira",2.13515156,41.393655416,427699.04,4582818.87
20158,"DOCTOR FLMEING - BORI I FONTESTA",2,"bicis",1,5,26,1,"Espira",2.135200246,41.393665801,427703.12,4582819.98
20159,"BORI I FONTESTA - BEETHOVEN",2,"bicis",1,5,26,1,"Espira",2.138845708,41.393088664,428007.25,4582752.87
20160,"BORI I FONTESTA - GANDUXER (BESÒS)",2,"bicis",1,5,26,1,"Espira",2.138847611,41.393084364,428007.40,4582752.39
20161,"GANDUXER - PL. SANT GREGORI TAUMATURG (PUJADA)",2,"bicis",1,5,26,1,"Espira",2.138162218,41.394053856,427951.17,4582860.60
20162,"GANDUXER - MAÓ",2,"bicis",1,5,24,1,"Espira",2.130974653,41.403418784,427360.72,4583906.28
20163,"GANDUXER - SANT CASIMIR",2,"bicis",1,5,25,1,"Espira",2.133619717,41.399992002,427578.01,4583523.63
20164,"PORTAL DE LA PAU - PG. JOSEP CARNER",2,"bicis",1,1,1,1,"Espira",2.177268716,41.375271271,431200.67,4580743.60
20165,"PORTAL DE LA PAU - PG. COLOM",2,"bicis",1,1,2,1,"Espira",2.178534817,41.376538071,431307.88,4580883.24
20166,"PL. DRASSANES (BESÒS)",2,"bicis",1,3,11,1,"Espira",2.174810326,41.376383094,430996.26,4580868.99
20167,"PL. DRASSANES (LLOBREGAT)",2,"bicis",1,3,11,1,"Espira",2.17478644,41.376378613,430994.26,4580868.51
20168,"AV. MARIA CRISTINA - RIUS I TAULET",2,"bicis",1,0,0,,"",2.157086,41.383003,429521.26,4581618.18
20169,"AV. MARIA CRISTINA - PL. ESPANYA",2,"bicis",1,0,0,,,2.149251859,41.374534727,428856.99,4580684.45
